"Row.names","baseMean","log2FoldChange","lfcSE","stat","pvalue","padj","gene","37deg","37deg.1","37deg.2","32deg","32deg.1","32deg.2"
"ENSG00000100650",9544.03365894514,1.85167805286308,0.165458403603821,11.1911997972421,4.50298770653302e-29,6.55454890562946e-25,"SRSF5",3916.48569509916,4419.89300380808,4087.38822090323,14689.6191770374,14543.8374448505,15606.9784119725
"ENSG00000181544",1796.92267697945,1.66763121687244,0.201793161064095,8.26406211230695,1.40797293562967e-16,1.02472270255127e-12,"FANCB",952.532794427486,938.002260357257,689.683372261587,2766.09525588876,2824.11855969865,2611.10381924296
"ENSG00000276256",493.310145465836,-1.5118310697714,0.212716544655387,-7.10725661805315,1.18372221195416e-12,5.74342017240159e-09,"AC011043.1",726.626483768645,784.825420650102,679.540969728328,274.885153775524,219.618128840288,274.364716032128
"ENSG00000197245",2184.50964718384,1.1287524963018,0.179712427372797,6.28088169974079,3.36658248038483e-10,1.12486196132237e-06,"FAM110D",1476.54227791449,1269.06188165982,1367.19586148326,2738.70817414729,3195.12394239972,3060.42574549847
"ENSG00000274750",35.2082424517915,3.50602510216544,0.561588636614494,6.24304851198792,4.29123733846373e-10,1.12486196132237e-06,"HIST1H3E",3.88155172953336,9.05884535902531,4.05696101330345,78.1038997812374,56.5036933424041,59.6445034852452
"ENSG00000102317",7150.12256678163,1.08911228780982,0.174791243058405,6.23093164596296,4.63669398731396e-10,1.12486196132237e-06,"RBM3",4715.30904103712,4957.65900557567,4043.77589001021,9821.8189815808,9365.75369835887,9996.41878412709
"ENSG00000157800",905.773102742311,1.152623561179,0.190290136015937,6.05719027434226,1.38519705447898e-09,2.88041833214229e-06,"SLC37A3",542.640931788763,620.942672791371,522.333730462819,1341.96700533217,1183.37923792582,1223.37503815292
"ENSG00000175322",1285.05034240555,1.48958475271597,0.251167872031731,5.93063412396862,3.01766965292724e-09,5.49064993350111e-06,"ZNF519",539.535690405137,617.648547206271,868.189656846939,1757.84491325824,1586.36784327353,2340.71540344318
"ENSG00000080371",584.63769178112,1.2411197602365,0.210681710320233,5.89097059422016,3.83933876641396e-09,6.20949056488018e-06,"RAB21",300.432103865882,381.295036475338,361.069530184007,781.038997812374,765.465128676342,918.525353672776
"ENSG00000165480",1735.05547120189,1.46824045627094,0.253798791315362,5.7850569290007,7.24877770770594e-09,1.05513208313368e-05,"SKA3",1059.66362216261,1108.47325938619,594.344788448956,2629.15984718139,2416.86552466472,2601.82578536747
"ENSG00000253166",120.012761889854,1.65612133246893,0.290023738593469,5.71029578647816,1.12779990536616e-08,1.4923868565918e-05,"RP11-585F1.6",65.9863794020671,48.5883523802267,58.8259346929,173.451517695995,192.965443301418,180.258943866519
"ENSG00000160781",40.9936183148833,3.01467534054206,0.532716846155882,5.65905764440554,1.52206429355883e-08,1.84626398808687e-05,"PAQR6",10.0920344967867,4.11765698137514,13.1851232932362,97.3762906363479,57.5698007639589,63.6208037175949
"ENSG00000100982",299.751247088462,1.26741393710215,0.230246693364632,5.50459126505238,3.7002573732839e-08,4.14314971734773e-05,"PCIF1",160.696241602681,168.823936236381,198.791089651869,379.361798937439,468.021158062555,422.813258039849
"ENSG00000108932",62.5637535797458,2.08244448147067,0.379980026462121,5.48040511723649,4.24353043311654e-08,4.4120592131746e-05,"SLC16A6",20.1840689935735,21.4118163031507,30.4272075997759,91.2902724715762,98.0818827830411,113.987273327357
"ENSG00000198553",37.9810719504576,2.55491888017621,0.476262219867072,5.3645214203413,8.11641280035924e-08,7.8761669814686e-05,"KCNRG",13.1972758804134,11.5294395478504,8.1139220266069,60.8601816477174,58.6359081855137,75.5497044146439
"ENSG00000176401",132.189429858262,1.58776130376119,0.305114988923373,5.20381286204178,1.95240619848089e-07,0.000177620153906799,"EID2B",56.670655251187,63.4119175131772,78.0964995060914,186.637890386334,163.114435497884,245.205180994897
"ENSG00000133422",269.892730848139,-1.26416615924278,0.24498076369486,-5.16026703556767,2.46597849158518e-07,0.000211145781903023,"MORC2",335.366069431682,357.412625983362,451.336912730009,172.437181335199,160.982220654774,141.821374953805
"ENSG00000124193",2340.2175892478,0.963588915764824,0.189855257140388,5.07538706211489,3.86707992282264e-07,0.000312717863092257,"SRSF6",1728.06682998825,1694.00408213773,1336.76865388349,3260.07706359606,3069.32326665625,2953.06563922503
"ENSG00000147036",1042.73358224375,1.05826509292124,0.211018085102256,5.01504452762148,5.30211851508212e-07,0.000406198090029133,"LANCL3",788.731311441178,598.707325091946,642.014080355271,1283.13549640604,1623.68160302795,1320.13167714009
"ENSG00000186501",2295.502878077,0.827063945857511,0.165673808066801,4.99212250571334,5.97193550951655e-07,0.00043127053203088,"TMEM222",1617.0544505236,1704.70999028931,1643.0692103879,2854.34251927795,2991.49742488275,2962.34367310051
"ENSG00000172197",556.684539903649,1.00881684661106,0.202403073262132,4.98419727700749,6.22195738709018e-07,0.00043127053203088,"MBOAT1",405.234000563283,329.412558510011,374.254653477243,721.193152525452,799.580566166096,710.432308179809
"ENSG00000228782",462.551479814394,1.47361833500227,0.301274232021349,4.89128567390337,1.00179439845503e-06,0.000650069364316994,"CTD-2026D20.3",156.038379527241,257.765327034084,321.514160304299,640.046243661828,543.714784992945,856.229983365964
"ENSG00000166669",796.403633778766,1.19135551959719,0.243812516016345,4.88635915441404,1.02717747865422e-06,0.000650069364316994,"ATF7IP2",513.917448990216,551.766035504269,388.454017023805,1095.48326965891,874.208085674931,1354.59294582046
"ENSG00000183891",628.628751001299,0.941582882050692,0.19367046450862,4.8617784050845,1.16335813840797e-06,0.000695416235922262,"TTC32",412.220793676443,415.883355118889,463.507795769919,761.766606957263,852.885937243835,865.508017241447
"ENSG00000010818",165.632540832682,-1.46815006170185,0.30230199805539,-4.85656750913318,1.19438072946253e-06,0.000695416235922262,"HIVEP2",205.722241665268,202.588723483657,321.514160304299,81.1469088636233,82.0902714597191,100.732939219525
"ENSG00000120370",302.927952089764,-1.24620736885736,0.261481267196397,-4.76595276678593,1.87963292538677e-06,0.00101333099488629,"GORAB",391.260414336962,406.000978363589,481.764120329785,147.078772315317,232.411417898945,159.052009293987
"ENSG00000110172",745.425252003445,-1.51909814273426,0.321546388164318,-4.72435144243624,2.30850896302594e-06,0.00119892948062708,"CHORDC1",1307.30662250683,1403.29749925265,605.50143123554,450.365344193109,421.112431514144,284.968183318394
"ENSG00000136146",1674.59849481598,0.970124264083258,0.205647549136737,4.71741223348212,2.38863389242824e-06,0.00119892948062708,"MED4",1252.18858794746,1225.41471765724,916.87318900658,2249.79804824395,2004.28195252301,2399.03447351764
"ENSG00000196458",537.227005885648,1.16259018867002,0.247323110390176,4.70069370725575,2.59279171214998e-06,0.00122814556831991,"ZNF605",270.932310721428,303.05955382921,421.923945383559,628.88854369308,751.60573219613,846.951949490482
"ENSG00000154889",851.987097923125,0.86286194514449,0.183630393752984,4.69890592461069,2.61558894049995e-06,0.00122814556831991,"MPPE1",594.65372496451,645.648614679622,573.045743129112,1139.09973317311,1044.7852731237,1114.68949846869
"ENSG00000240755",92.430384294007,1.97118795953681,0.422323455460814,4.66748397241154,3.04910526421163e-06,0.00138696175705827,"ERLEC1P1",24.8419310690135,23.8824104919758,64.9113762128552,171.422844974404,134.329535115904,135.194207899889
"ENSG00000253710",2115.76056607001,0.993321859131722,0.215110221534062,4.6177343505475,3.87952445532868e-06,0.00165887634772398,"ALG11",1599.19931256774,1255.06184792314,1389.50914705643,2567.28532917288,2436.0554582527,3447.45230144717
"ENSG00000156469",548.179308984976,-1.03184390936082,0.223710516165484,-4.61240681505351,3.98033003581617e-06,0.00165887634772398,"MTERF3",859.375552918685,728.001754307125,621.729275288754,394.576844349368,369.939275279514,315.453151766408
"ENSG00000136152",222.826268626033,1.09472207552806,0.237365591281105,4.61196616417591,3.98877934668447e-06,0.00165887634772398,"COG3",142.841103646828,150.70624551833,132.865473185688,334.730999062446,302.774507721562,273.039282621345
"ENSG00000140262",669.429206533335,-0.846139057514268,0.183712141153073,-4.60578735952593,4.10908116428353e-06,0.00166143848409198,"TCF12",868.691277069565,849.884400955829,862.104215326983,472.680744130605,470.153372905664,493.06122881136
"ENSG00000256683",142.838227577696,1.47637476899378,0.321164323292741,4.59694512098115,4.28730483809197e-06,0.00168664889792613,"ZNF350",55.8943449052803,100.470830345553,69.9825774794845,195.766917633491,179.106046821205,255.808648281163
"ENSG00000173276",425.371122508947,-1.20792180508138,0.263386190545124,-4.58612428609628,4.51549860981595e-06,0.00172967362538108,"ZBTB21",585.33800081363,504.824745916592,690.697612514913,183.594881303948,308.105044829336,279.666449675261
"ENSG00000169282",63.0269270482564,1.69366920837818,0.370573351796162,4.57040205446236,4.86789395604542e-06,0.00181684780574864,"KCNAB1",34.1576552198935,29.647130265901,25.3560063331466,114.620008769868,89.5530234106027,84.8277382901265
"ENSG00000129422",460.225876983446,-0.953727050639681,0.212913505969582,-4.47941076493256,7.48493728230316e-06,0.00272376867703012,"MTUS1",594.65372496451,552.589566900544,673.455528208373,285.028517383477,307.038937407781,348.588987035989
"ENSG00000196605",608.419810169066,0.919674090751403,0.206535996794521,4.45285134322794,8.47374238248668e-06,0.00300838522242625,"ZNF846",446.378448896336,360.706751568462,455.393873743312,726.264834329428,824.101036861856,837.673915614999
"ENSG00000171617",45.1284188630139,-3.00695632767253,0.683641635022159,-4.39843943614561,1.0903204307805e-05,0.00377873909296214,"ENC1",44.2496897166803,107.882612912029,89.2531422926759,9.12902724715762,20.2560410095411,0
"ENSG00000072682",1326.12702487604,0.775991734466739,0.176989389796746,4.38439691417596,1.16307542508784e-05,0.00390293435454219,"P4HA2",985.914139301473,908.355130091356,1039.59625965901,1626.99552271565,1743.08563424209,1652.81546324668
"ENSG00000159388",338.168525815653,-1.19919555361953,0.27370827002849,-4.38129090324785,1.17978230008145e-05,0.00390293435454219,"BTG2",570.588104241404,518.001248256993,324.556881064276,189.680899468719,231.34531047739,194.838711385134
"ENSG00000099622",3235.66966547581,1.29564756558533,0.29657425301496,4.36871222776028,1.24981325185183e-05,0.0040427292653234,"CIRBP",1414.43745024196,1385.1798085346,2820.60214449922,4182.10881555898,3908.34980741988,5703.33996660022
"ENSG00000156976",5995.2684378614,-0.960784576833414,0.222964133574895,-4.30914408263193,1.63887576049279e-05,0.00518597294994196,"EIF4A2",6979.80632004688,8890.02142278893,7891.80341112854,3900.12330725789,3222.84273536014,5087.01343058602
"ENSG00000164398",573.035861669374,0.998541775288969,0.232343390953724,4.29769820949136,1.72580915134701e-05,0.00534486766106534,"ACSL6",456.470483393123,314.588993377061,375.268893730569,646.1322618266,802.77888843076,842.975649258132
"ENSG00000151881",363.292685532583,1.05834510784836,0.247274664482643,4.28003859620098,1.86860904918779e-05,0.00566655694166196,"TMEM267",234.445724463815,252.824138656434,219.075894718386,402.69153523573,447.765117053014,622.953703068116
"ENSG00000272006",60.9633382952937,1.5886312689677,0.372109690307989,4.26925530386704,1.96126678573778e-05,0.00579720106301772,"RP11-583F2.6",27.9471724526402,33.7647872472762,29.41296734645,90.2759361107809,75.6936269303904,108.685539684225
"ENSG00000121966",346.819852043067,-0.967025667514367,0.226995923561691,-4.26010146940616,2.04334118193236e-05,0.00579720106301772,"CXCR4",480.53610411623,487.530586594817,407.724581836997,229.240017539736,206.82483978163,269.062982388995
"ENSG00000158006",52.7551896531078,-1.73963414557881,0.408643427246541,-4.25709562319537,2.07099790654659e-05,0.00579720106301772,"PAFAH2",83.0652070120139,64.2354489094522,96.352824065957,21.3010635767011,27.7187929604247,23.8578013940981
"ENSG00000221886",63.8992765552226,-1.67235427017098,0.393516225412773,-4.24977208606022,2.13988135726095e-05,0.00587700245967742,"ZBED8",113.341310502374,74.1178256647526,104.466746092564,37.5304453494258,23.4543632742055,30.4849684480142
"ENSG00000163946",275.802214281833,-0.985915942113693,0.233221029662944,-4.22738868591121,2.3641906837571e-05,0.00637280733199412,"FAM208A",344.681793582562,385.412693456713,369.183452210614,195.766917633491,155.651683547,204.116745260617
"ENSG00000180964",2525.30533317432,0.755279314991717,0.178992709650553,4.21960937105342,2.44725978594498e-05,0.00647678426258458,"TCEAL8",1760.67186451633,2034.9460801956,1840.84605978644,2945.63279174952,3107.70313383222,3462.03206896579
"ENSG00000151693",76.3687140597466,-1.51309821770807,0.359117260935249,-4.21338204063905,2.51575000455217e-05,0.00653915304754668,"ASAP2",84.6178277038272,116.941458271054,137.936674452317,40.5734544318116,38.3798671759726,39.7630023234968
"ENSG00000250959",17.2781416631922,3.12151716015418,0.74309199427713,4.2007142913587,2.66074191734046e-05,0.00679469462259785,"GLUD1P3",1.55262069181334,3.29412558510011,6.08544151995518,27.3870817414729,25.5865781173151,39.7630023234968
"ENSG00000152795",38599.5247643145,0.889655549163017,0.213003541713937,4.17671716631747,2.95746382632128e-05,0.00736910904356523,"HNRNPDL",29356.9520408067,31579.1349215622,20247.2781771442,50069.6714415771,52061.2237167853,48282.8882880114
"ENSG00000124357",573.017453327956,-0.988942475837789,0.236903057835216,-4.17446057840955,2.98692933203042e-05,0.00736910904356523,"NAGK",687.810966473311,679.413401926898,918.901669513232,310.386926403359,430.707398308137,410.8843573428
"ENSG00000175054",486.803110764359,0.992641740083924,0.239095350538231,4.1516563908473,3.30077587485038e-05,0.00800768227238702,"ATR",381.168379840176,268.471235185659,327.599601824254,699.892088948751,717.490294706377,526.197064080941
"ENSG00000158717",54.9706570243616,1.66047003998961,0.400679409310459,4.14413618819884,3.41096999824804e-05,0.00800986298971232,"RNF166",27.9471724526402,28.000067473351,23.3275258264948,87.232927028395,102.34631246926,60.9699368960284
"ENSG00000121067",1243.8068330692,-0.825430545788232,0.199182817999712,-4.14408508764759,3.41173059468373e-05,0.00800986298971232,"SPOP",1725.73789895053,1711.29824145951,1332.71169287018,876.386615727131,846.489292714507,970.217256693322
"ENSG00000125898",12.8525768047646,-5.05282833311328,1.22537381923266,-4.12349950179072,3.73159267573076e-05,0.008506116018497,"FAM110A",27.9471724526402,25.5294732845259,21.2990453198431,1.01433636079529,0,1.32543341078323
"ENSG00000136213",1326.01332883697,0.824156857949899,0.19990629569269,4.1227158709241,3.74431437096501e-05,0.008506116018497,"CHST12",1085.28186357753,840.002024200529,946.28615635303,1543.81994113043,1899.80342521064,1640.88656254963
"ENSG00000182903",1705.19511434176,1.02198943169146,0.248091139118779,4.11941125878808,3.79841674362672e-05,0.008506116018497,"ZNF721",898.191070214019,1081.29672330911,1396.60882882971,2035.77307611615,1917.92725137707,2901.37373620448
"ENSG00000125962",940.567780846981,0.782390032751519,0.191320828235288,4.08941378713523,4.32464768433095e-05,0.00944948033634422,"ARMCX5",728.179104460458,608.589701847246,738.366904421228,1263.86310555093,1130.07386684808,1174.33400195394
"ENSG00000100201",2295.1344801425,-0.72958948611451,0.178467357988269,-4.08808363803126,4.34951348265363e-05,0.00944948033634422,"DDX17",3151.04369403518,2597.41802385144,2841.90118981907,1810.59040401959,1681.25140379191,1688.60216533783
"ENSG00000174564",67.7412082565714,1.80531873298247,0.444406056860248,4.06231802000438,4.85878221819388e-05,0.0104006520541221,"IL20RB",43.4733793707736,31.2941930584511,15.2136037998879,115.634345130663,127.932890586575,72.8988375930774
"ENSG00000149716",454.193972437736,0.941973477635724,0.232531140734316,4.05095624896106,5.10087453511545e-05,0.0107606274975566,"ORAOV1",348.563345312096,325.294901528636,258.631264598095,553.827652994229,704.697005647719,534.14966454564
"ENSG00000146463",478.150549433948,-0.961016125267661,0.238281581597369,-4.03311124101701,5.504320683654e-05,0.0114458416958954,"ZMYM4",625.706138800777,574.82491459997,693.74033327489,265.756126528366,300.642292878452,408.233490521234
"ENSG00000250312",613.22035888453,0.844824683823226,0.209957704551559,4.02378510294564,5.7270178757694e-05,0.0116032026602079,"ZNF718",499.943862763896,365.647939946113,450.322672476683,766.83828876124,825.167144283411,771.402245075838
"ENSG00000134255",1026.31533757109,-1.00593960841213,0.250029995965974,-4.02327570548386,5.73942423423311e-05,0.0116032026602079,"CEPT1",1189.30744992902,1596.00384598101,1324.59777084358,691.777398062388,494.673843601424,861.531717009097
"ENSG00000198554",216.036117290834,-0.995871863811762,0.248768710350911,-4.00320386919639,6.2490407595233e-05,0.0124604160678933,"WDHD1",277.142793488682,305.530148018036,279.930309917938,138.964081428955,123.668460900356,170.980909991036
"ENSG00000117616",304.847034081194,-1.21119429926518,0.30282533256978,-3.99964655858532,6.34371528571682e-05,0.0124782594187695,"RSRP1",381.944690186082,562.471943655844,333.685043344209,235.326035704507,184.436583928979,131.217907667539
"ENSG00000117010",298.995604367997,0.995589722619509,0.249421586234296,3.99159406228896,6.56306467724571e-05,0.0127375959255985,"ZNF684",195.630207168481,244.588824693683,158.221479518835,368.204098968691,391.261423710609,436.067592147681
"ENSG00000115392",3216.02082555956,-0.875241870094177,0.219539586159355,-3.98671549585082,6.69942794210743e-05,0.0128311675164889,"FANCL",3819.44690186082,3937.30360559091,4730.41654151182,2133.1493667525,1853.96080608379,2821.84773155749
"ENSG00000142611",12.3918434153335,6.29766244319426,1.58144031403373,3.98223213820255,6.82710486238162e-05,0.0129058881008866,"PRDM16",0,0,1.01424025332586,1.01433636079529,40.5120820190822,31.8104018587974
"ENSG00000119929",762.395945624972,0.722292942260442,0.182980855689301,3.94736891758167,7.90147539592488e-05,0.0147453687003952,"CUTC",598.535276694044,571.53078901487,555.803658822573,909.859715633376,944.571175497548,994.07505808742
"ENSG00000112561",8.75716466977261,-6.39167336763805,1.62218196164379,-3.94017041168504,8.14237480110411e-05,0.0148634603357143,"TFEB",3.10524138362669,9.88237675530034,39.5553698797086,0,0,0
"ENSG00000186666",699.448780847492,0.833669406500795,0.211624104150927,3.93938776419456,8.16898067365445e-05,0.0148634603357143,"BCDIN3D",520.904242103377,420.82454349654,566.960301609157,803.35439774987,959.496679399315,925.152520726692
"ENSG00000149646",169.059900281329,1.14506396919369,0.291130103927347,3.93316923858704,8.383316932307e-05,0.0149469260495655,"CNBD2",108.683448426934,129.294429215179,77.0822592527656,202.867272159058,231.34531047739,265.086682156645
"ENSG00000267680",459.263154105815,-0.85727620568778,0.218019184725727,-3.93211362002959,8.42022489739193e-05,0.0149469260495655,"ZNF224",638.903414681191,554.236629693094,583.188145662371,362.118080803919,345.418804583753,271.713849210561
"ENSG00000198155",11.5939436278941,3.95411833325487,1.00641926338807,3.92889770406767,8.53361285352113e-05,0.0149656950235968,"ZNF876P",3.10524138362669,0,1.01424025332586,26.3727453806776,19.1899335879863,19.8815011617484
"ENSG00000188869",231.797831478407,1.33138439233773,0.34011484356289,3.91451422228663,9.05863985000636e-05,0.0155857895843211,"TMC3",117.222862231907,102.941424534379,175.463563825374,267.784799249957,240.940277271383,486.434061757444
"ENSG00000077514",493.495658940214,0.7768692992259,0.198516237908289,3.91337911402895,9.1013473115368e-05,0.0155857895843211,"POLD3",348.563345312096,346.706717831787,396.567939050412,631.931552775466,646.061097462205,591.143301209319
"ENSG00000278845",1806.79233633704,0.90842270937132,0.232808138049921,3.90202300048689,9.53920907415716e-05,0.0160562229536081,"MRPL45",1031.71644970997,1265.76775607472,1470.6483673225,2076.34653054796,2045.86014196365,2950.41477240346
"ENSG00000162999",41.4407454574654,-1.86479064635952,0.478081647084395,-3.90056940635985,9.59667076782017e-05,0.0160562229536081,"DUSP19",69.0916207856938,60.1177919280771,65.9256164661811,25.3584090198823,9.59496679399315,18.5560677509652
"ENSG00000082014",202.573672264914,1.23873255390836,0.317924410936352,3.8963115485849,9.7668737815659e-05,0.0161552971323265,"SMARCD3",172.340896791281,110.353207100854,78.0964995060914,265.756126528366,270.791285074918,318.104018587974
"ENSG00000117461",373.402272384427,-0.864873109259959,0.222421854299825,-3.88843583730809,0.000100892333846364,0.016378857046119,"PIK3R3",436.286414399549,538.589533163869,471.621717796526,246.483735673256,299.576185456897,247.856047816463
"ENSG00000181894",388.966204869733,1.28327258138557,0.330099985354768,3.8875269261415,0.000101270756674273,0.016378857046119,"ZNF329",153.709448489521,196.824003709732,329.628082330905,476.738089573787,425.376861200363,751.520743914089
"ENSG00000124772",15.5277117584817,3.20462489678674,0.827595601341577,3.87221112774387,0.000107852464863439,0.017251653610464,"CPNE5",0.776310345906671,1.64706279255006,7.09968177328104,29.4157544630634,27.7187929604247,26.5086682156645
"ENSG00000168495",455.034024016176,-0.857451902570565,0.221606468569834,-3.86925484668495,0.000109168487677047,0.0172723533329032,"POLR3D",610.95624222855,497.412963350117,651.142242635204,357.046398999942,288.915111241349,324.73118564189
"ENSG00000118518",254.503406334179,-1.12900184747527,0.292638756920695,-3.85800520530924,0.000114316214008496,0.017892331302233,"RNF146",346.234414274375,338.471403869037,362.083770437333,103.46230880112,162.048328076329,214.720212546883
"ENSG00000177606",620.350417215341,-1.31155858906219,0.34023209573986,-3.85489377834888,0.000115779887888497,0.0179286388096272,"JUN",559.71975939871,905.884535902531,1186.66109639126,251.555417477232,286.78289639824,531.498797724074
"ENSG00000184677",217.216094242491,-1.13321962508152,0.294644405137925,-3.84605852112161,0.000120033105691007,0.0183915988046136,"ZBTB40",267.050758991895,308.824273603136,318.471439544321,89.2615997499856,146.056716753007,173.631776812603
"ENSG00000157764",697.493923325055,0.711965723213416,0.185407032335153,3.84001466528207,0.0001230269609663,0.0186539629565153,"BRAF",545.74617317239,507.295340105417,533.490373249404,850.013870346454,914.720167694013,833.697615382649
"ENSG00000185670",279.568865290018,1.16431839531796,0.306514164903069,3.79857940883796,0.000145527804903044,0.0218381724553475,"ZBTB3",190.196034747135,134.23561759283,192.705648131914,295.17188099143,317.700011623329,547.403998653473
"ENSG00000122884",605.987413916237,-0.789519598367619,0.208165348195019,-3.79275227704065,0.00014898676573154,0.0221290955304929,"P4HA1",785.626070057552,716.472314759275,802.264040380757,487.895789542535,471.219480327219,372.446788430087
"ENSG00000124224",51.5409646679308,1.68082861484544,0.44366241187311,3.78853058060318,0.000151540941765376,0.0222811105892608,"PPP4R1L",19.4077586476668,24.7059418882509,29.41296734645,58.8315089261269,62.9003378717329,113.987273327357
"ENSG00000113456",1775.64354366263,0.648642480686526,0.172054038852559,3.76999275932357,0.000163252283638904,0.0237630024064788,"RAD1",1415.21376058786,1378.5915573644,1355.02497844335,2208.21025745135,2017.07524158167,2279.74546654715
"ENSG00000114988",323.466277245922,-0.800941584910048,0.212593600698936,-3.76747739478904,0.000164905467603151,0.0237659800636779,"LMAN2L",399.799828141936,402.706852778489,431.052107663492,250.541081116437,236.675847585164,220.021946190016
"ENSG00000204256",1366.51624373319,-1.04228710131041,0.277174866128562,-3.76039543508598,0.000169644976102298,0.0240705616311099,"BRD2",2170.56372715505,1429.65050393345,1919.95679954586,863.200243036792,1204.70138635692,611.024802371067
"ENSG00000214796",146.507177192016,1.03066006847988,0.274155987001525,3.75939289071279,0.000170326178071195,0.0240705616311099,"RP11-480I12.5",77.6310345906672,107.059081515754,104.466746092564,186.637890386334,205.758732360075,197.489578206701
"ENSG00000117139",481.749806267944,-0.90066622178603,0.239886415706672,-3.75455283340156,0.000173651214886309,0.024304491191203,"KDM5B",594.65372496451,570.707257618595,716.053618848059,294.157544630634,292.113433506014,422.813258039849
"ENSG00000135451",3910.03084284383,0.769360378758022,0.205346522277737,3.74664430750593,0.000179215923180795,0.0246007733631586,"TROAP",2832.75645221344,3207.65478849124,2632.96769763394,4306.8721879368,4512.83271544144,5967.10121534609
"ENSG00000109572",310.29817473506,-0.872970457557726,0.233062425931738,-3.74565078033389,0.000179926740287922,0.0246007733631586,"CLCN3",349.339655658002,391.177413230638,464.522036023245,234.311699343712,224.948665948062,197.489578206701
"ENSG00000253620",63.1338276622715,1.34901061575981,0.360442489963092,3.7426514723554,0.000182088703202658,0.0246007733631586,"AC144568.4",40.3681379871469,28.823598869626,37.5268893730569,84.1899179460091,88.4869159890479,99.407505808742
"ENSG00000104047",691.82090808708,-0.811406482245421,0.216835008633905,-3.74204556430906,0.000182528409124837,0.0246007733631586,"DTWD1",866.362346031845,741.178256647526,1036.55353889903,497.024816789692,458.426191268562,551.380298885822
"ENSG00000101347",1017.28452575929,-0.712102719498215,0.19070821790981,-3.73399073885208,0.000188469427085578,0.0251684493638319,"SAMHD1",1367.85882948756,1129.06154429306,1293.15632299048,719.164479803861,828.365466548075,766.100511432705
"ENSG00000173588",171.285576831521,-1.10804950525358,0.297282122648595,-3.72726585568471,0.000193568246744397,0.0256143581782858,"CEP83",239.103586539255,285.765394507435,177.492044332026,117.663017852254,121.536246057247,86.1531717009097
"ENSG00000121486",53.775641741209,-1.54308859269412,0.415367611467108,-3.71499498298343,0.000203207726178456,0.0266476726329153,"TRMT1L",95.4861725465206,65.0589803057272,80.1249800127432,31.444427184654,31.9832226466438,18.5560677509652
"ENSG00000177082",1732.67384032193,0.683515865578998,0.184462674918835,3.705442664104,0.000211021863268268,0.0272420240554317,"WDR73",1293.33303628051,1292.94429215179,1403.70851060299,2168.65113938033,2353.96518679299,1883.44087672296
"ENSG00000203667",2446.26367741691,0.683115879954884,0.184382269337993,3.70488920874847,0.000211483149097539,0.0272420240554317,"COX20",1954.749450993,1713.76883564833,1964.5833706922,2678.86232886036,3303.86689939831,3061.75117890925
"ENSG00000188487",8.01527278309642,-6.26811787954833,1.69576843714066,-3.69632889860681,0.000218739560596836,0.0279295881056803,"INSC",17.8551379558534,0.823531396275028,29.41296734645,0,0,0
"ENSG00000196422",89.9511034701525,-1.59758553768452,0.436363478473211,-3.66113484857692,0.000251100546519019,0.0317827787402682,"PPP1R26",124.985965690974,101.294361741828,178.506284585352,27.3870817414729,31.9832226466438,75.5497044146439
"ENSG00000167380",788.907130847653,0.86713745199896,0.23771033893887,3.64787436621322,0.000264418870723353,0.0331800093297339,"ZNF226",497.614931726176,539.413064560144,638.971359595294,941.30414281803,825.167144283411,1290.97214210286
"ENSG00000173145",281.734887589691,-1.03149074564157,0.283159487642915,-3.64279069095631,0.000269698136404828,0.0333470298735761,"NOC3L",437.062724745456,442.23635979969,255.588543838117,173.451517695995,211.089269467849,170.980909991036
"ENSG00000104671",1184.51341004974,0.75719026997982,0.207894408571832,3.64218679656405,0.000270331789302142,0.0333470298735761,"DCTN6",810.468001126565,980.825892963559,849.933332287073,1444.41497777249,1271.86615391487,1749.57210223386
"ENSG00000081177",358.600532502189,-0.800523531786208,0.220196921704186,-3.63548920480203,0.000277453613010426,0.033937939419998,"EXD2",461.128345468563,499.883557538942,405.696101330345,286.042853744272,237.741955006719,261.110381924296
"ENSG00000105366",50.485624401985,-1.55607604112503,0.429041915852625,-3.62686251303133,0.000286885948601374,0.0347992655653466,"SIGLEC8",66.7626897479738,65.8825117020023,93.3101033059794,29.4157544630634,17.0577187448767,30.4849684480142
"ENSG00000138433",499.991121437783,0.875302414532733,0.241981153455886,3.61723383012266,0.000297768282272632,0.0358207860889292,"CIR1",313.629379746295,399.412727193389,344.841686130793,621.788189167513,517.062099454075,803.212646934635
"ENSG00000172738",79.9294537309228,1.88264205364428,0.522204663987747,3.60518046558169,0.000311936086993016,0.0367140382446394,"TMEM217",17.8551379558534,23.0588790957008,61.8686554528776,89.2615997499856,82.0902714597191,205.4421786714
"ENSG00000141337",112.126889342856,1.14913689439282,0.318802403097209,3.60454276137445,0.000312702962943007,0.0367140382446394,"ARSG",69.0916207856938,50.2354151727767,90.2673825460018,162.293817727247,147.122824174562,153.750275650854
"ENSG00000162222",518.08690858322,-0.768752558636619,0.213276076306308,-3.60449503737369,0.000312760424727623,0.0367140382446394,"TTC9C",582.232759430004,680.236933323174,695.768813781542,356.032062639147,352.881556534637,441.369325790814
"ENSG00000166979",121.974387847698,1.07582731941703,0.298838672943509,3.60002709428576,0.000318184023840627,0.0370518932081934,"EVA1C",95.4861725465206,67.5295744945523,72.0110579861363,142.007090511341,170.577187448767,184.235244098868
"ENSG00000105146",32.7305563965781,2.23033001229433,0.620148991131742,3.59644221661006,0.000322599202758654,0.0372678888520235,"AURKC",6.21048276725337,23.0588790957008,5.07120126662931,63.9031907301033,59.7020156070685,38.4375689127136
"ENSG00000161010",169.276260713018,-0.99116968248281,0.276365387004429,-3.58644652728139,0.000335214763788776,0.038420363005586,"C5orf45",187.090793363508,209.176974653857,279.930309917938,115.634345130663,115.139601527918,108.685539684225
"ENSG00000118961",358.276277652289,-0.77896288372846,0.217425831496176,-3.58266024955807,0.000340112841931017,0.0386772072433429,"LDAH",429.299621286389,490.001180783642,439.166029690099,253.584090198823,296.377863192233,241.228880762547
"ENSG00000005486",1124.59441339316,0.78591024654208,0.220301347772713,3.56743276647091,0.000360495834795459,0.0404978843370667,"RHBDD2",763.113070026258,686.001653097099,1028.43961687242,1385.58346884637,1328.36984725727,1556.05882425951
"ENSG00000167985",1316.47229692803,0.621638335094338,0.174295965911262,3.56656754414401,0.000361687617739672,0.0404978843370667,"SDHAF2",1105.4659325711,1017.88480579594,987.87000673939,1603.66578641735,1617.28495849862,1566.66229154577
"ENSG00000183023",66.3611781345227,-1.6529351653857,0.4641502703227,-3.56120694325246,0.00036915397976498,0.0408607748341623,"SLC8A1",76.0784138988538,106.235550119479,119.680349892452,43.6164635141975,12.7932890586575,39.7630023234968
"ENSG00000205707",887.797448126655,0.749208401994666,0.210438737590563,3.56022094873213,0.000370542888026204,0.0408607748341623,"LYRM5",549.627724901923,726.354691514575,710.98241758143,1026.50839712483,1060.77688444702,1252.53457319015
"ENSG00000115419",170.177303675343,-1.05578407228736,0.297131582429095,-3.55325429783052,0.000380496453571115,0.0416429050991063,"GLS",231.340483080188,285.765394507435,172.420843065397,130.849390542593,101.280205047705,99.407505808742
"ENSG00000167508",159.70527650506,0.884821952474225,0.24983887124057,3.54157040528024,0.000397752693419196,0.0429793374022348,"MVD",108.683448426934,119.412052459879,108.523707105867,211.996299406216,206.82483978163,202.791311849834
"ENSG00000071243",428.675278388374,0.893348655614005,0.252339457614045,3.54026541889612,0.000399724810295008,0.0429793374022348,"ING3",280.248034872308,261.882984015459,358.02680942403,435.15029878118,560.772503737822,675.971039499445
"ENSG00000100385",8.67606114176987,4.79938245885594,1.35631005335813,3.53855849329804,0.000402318134902474,0.0429793374022348,"IL2RB",0,0,2.02848050665173,16.2293817727247,24.5204706957603,9.27803387548258
"ENSG00000173914",276.010612764815,-0.870862669088523,0.246206822482886,-3.53711834751881,0.000404518358347497,0.0429793374022348,"RBM4B",374.181586727016,391.177413230638,304.272075997759,167.365499531223,189.767121036753,229.299980065498
"ENSG00000204842",502.081212131978,-0.817829981192293,0.231719328919587,-3.52939905792711,0.000416504561442981,0.0439321767852466,"ATXN2",676.942621630618,504.824745916592,740.39538492788,326.616308176084,391.261423710609,372.446788430087
"ENSG00000148604",91.0373494138342,-1.19373329796623,0.339092931550288,-3.52037210716435,0.000430941760777499,0.0451279731645847,"RGR",137.406931225481,116.117926874779,125.765791412407,42.6021271534022,50.1070488130753,74.2242710038607
"ENSG00000055609",692.624770513691,-0.679952345284546,0.193456084768066,-3.5147632916263,0.000440146119421114,0.0454714118069514,"KMT2C",826.770518390605,842.472618389354,889.488702166782,481.809771377763,586.359081855137,528.847930902507
"ENSG00000182890",13.238057502137,2.72394077996767,0.775042747817686,3.51456843849912,0.000440469158064038,0.0454714118069514,"GLUD2",2.32893103772001,4.11765698137514,4.05696101330345,25.3584090198823,17.0577187448767,26.5086682156645
"ENSG00000089163",38.4949943385227,-1.62822132688681,0.465091617803669,-3.5008614745109,0.000463756834963809,0.0475383414769944,"SIRT4",55.8943449052803,57.647197739252,60.8544151995518,12.1720363295435,24.5204706957603,19.8815011617484
"ENSG00000211456",857.887530052088,-0.804091328624227,0.230437405598093,-3.48941321630155,0.000484082212705995,0.0492748299870522,"SACM1L",1262.28062244425,1199.88524437272,810.377962407364,671.490670846483,600.218478335349,603.072201906368
"ENSG00000172081",40.4443177126748,-1.6772406856041,0.481396080708616,-3.48411786638395,0.000493761991542882,0.0495395525509865,"MOB3A",60.5522069807204,46.1177581914016,78.0964995060914,12.1720363295435,24.5204706957603,21.2069345725316
"ENSG00000167797",350.063508880578,-0.778388030244548,0.223464097043444,-3.48328004607031,0.000495309944552059,0.0495395525509865,"CDK2AP2",463.457276506283,412.589229533789,451.336912730009,251.555417477232,297.443970613788,223.998246422365
"ENSG00000040487",134.442204394298,1.0191520699721,0.292655793821847,3.4824257420733,0.000496893011297337,0.0495395525509865,"PQLC2",89.2756897792672,73.2942942684775,104.466746092564,173.451517695995,211.089269467849,155.075709061637
"ENSG00000163681",619.403378330279,-0.821960735711749,0.236240230584184,-3.479342759187,0.000502645245541875,0.0497721373748812,"SLMAP",739.047449303151,849.060869559554,785.021956074218,492.967471346511,329.427193260431,520.895330437808
"ENSG00000169062",740.597982731064,0.672444577226403,0.193859090873507,3.46872862240529,0.000522927384928451,0.0514306149663414,"UPF3A",540.312000751043,552.589566900544,620.715035035428,840.884843099296,995.744331732178,893.342118867895
"ENSG00000263528",91.7912507288866,1.50333363795826,0.434742890169322,3.45798326310235,0.000544235193316941,0.0531670300263181,"IKBKE",29.4997931444535,67.5295744945523,46.6550516529897,186.637890386334,74.6275195088356,145.797675186155
"ENSG00000134186",492.114783282852,-0.951093551541427,0.275504027016623,-3.45219473501213,0.00055604626351801,0.0539386144738902,"PRPF38B",763.889380372165,750.237102006551,432.066347916818,349.946044474375,379.534242073507,277.015582853694
"ENSG00000185513",42.6910863422614,-2.57580419560203,0.746960532372435,-3.44838058233274,0.000563958785851608,0.0539386144738902,"L3MBTL1",70.6442414775071,29.647130265901,119.680349892452,22.3153999374964,13.8593964802123,0
"ENSG00000255292",47.4626353555187,1.68119684419067,0.487589637170724,3.44797492815052,0.000564806463230375,0.0539386144738902,"AP002884.2",23.2893103772001,28.823598869626,15.2136037998879,38.5447817102211,92.7513456752671,86.1531717009097
"ENSG00000197782",579.624132162962,0.73643894709217,0.213649509590693,3.44694892351043,0.00056695575807263,0.0539386144738902,"ZNF780A",423.089138519136,498.236494746392,382.36857550385,713.078461639089,652.457741991534,808.514380577768
"ENSG00000188611",72.2962336108691,-1.65438669668783,0.485091347039767,-3.41046424922563,0.000648523857414131,0.0609026662485167,"ASAH2",58.999586288907,95.5296419679033,174.449323572048,35.5017726278352,20.2560410095411,49.0410361989794
"ENSG00000124160",220.13799954467,-0.862511249700088,0.253873337321206,-3.39740777350251,0.00068027514162779,0.0634749035995777,"NCOA5",288.787448677282,234.706447938383,328.61384207758,140.992754150545,162.048328076329,165.679176347903
"ENSG00000150401",656.281128605746,0.900066778532244,0.266173682442855,3.38150177084273,0.000720907681713429,0.0665365429357385,"DCUN1D2",389.707793645149,372.236191116313,612.601113008821,921.017415602124,670.581568157966,971.542690104105
"ENSG00000169136",112.735402692469,1.07111893916554,0.316930400099882,3.37966613120095,0.000725739314516034,0.0665365429357385,"ATF5",85.3941380497339,76.5884198535776,55.7832139329225,137.94974506816,185.502691350534,135.194207899889
"ENSG00000236417",26.3389289394905,2.50603783264911,0.74159270068292,3.37926442687656,0.000726800654491785,0.0665365429357385,"CTSLP1",5.4341724213467,3.29412558510011,15.2136037998879,43.6164635141975,14.9255039017671,75.5497044146439
"ENSG00000168724",1846.0278220582,0.598148428738239,0.177177115841118,3.37599145295166,0.000735502040729214,0.0669122981553402,"DNAJC21",1495.95003656216,1543.2978366194,1366.18162122994,2068.2318396616,2220.70175909864,2381.80383917746
"ENSG00000119321",879.440456898392,-0.680692338255719,0.201791157969971,-3.37325155920367,0.000742860504340952,0.0671619720570615,"FKBP15",1069.75565665939,1081.29672330911,1097.40795409858,571.071371127749,673.77989042263,783.331145772887
"ENSG00000100852",600.337508061298,-0.952698106846265,0.28267329646731,-3.37031519691652,0.000750822483246066,0.067462790531665,"ARHGAP5",1047.2426566281,671.178087964148,657.227684155159,510.211189480031,423.244646357253,292.920783783093
"ENSG00000185070",251.909793904878,-1.01574727970395,0.301785873410578,-3.36578802786447,0.000763253363731546,0.0681589936348244,"FLRT2",311.300448708575,354.942031794537,343.827445877467,134.906735985774,122.602353478801,243.879747584114
"ENSG00000150347",109.674125845442,-1.40913697406478,0.419522360581629,-3.35890790686613,0.000782511402343912,0.0694526583690121,"ARID5B",133.525379495948,136.706211781655,206.905011678476,42.6021271534022,36.247652332863,102.058372630308
"ENSG00000123737",1932.33372651186,0.602748762936942,0.179788196680308,3.35254913318212,0.000800710277818191,0.0706372048722521,"EXOSC9",1471.10810549314,1670.94520304203,1461.52020504257,2483.09541122687,2366.75847585164,2140.57495841491
"ENSG00000143376",358.317447894361,-0.714306266065747,0.213235011767355,-3.34985451097062,0.000808540165839233,0.0708982569515415,"SNX27",443.273207512709,436.471640025765,455.393873743312,249.526744755642,259.064103437815,306.175117890925
"ENSG00000133773",1417.494550037,0.618613202262648,0.185417481559712,3.33632620321958,0.000848934895293419,0.0739945888376707,"CCDC59",1045.69003593629,1204.82643275037,1103.49339561854,1634.09587724121,1610.88831396929,1905.97324470628
"ENSG00000133142",4164.23114066313,0.580873910746818,0.174423704187753,3.33024638739212,0.000867691672523598,0.0740008908779221,"TCEAL4",3393.25252195806,3603.77339009952,3013.30779263114,4772.45257754184,4944.60622117114,5257.99434057706
"ENSG00000117152",17.559056173128,2.22503904483328,0.668140858080582,3.33019455092945,0.000867853232033158,0.0740008908779221,"RGS4",7.76310345906672,6.58825117020023,4.05696101330345,37.5304453494258,20.2560410095411,29.159535037231
"ENSG00000256552",84.4298974580136,-1.19445372711749,0.358713386706906,-3.32982757650314,0.000868997784868941,0.0740008908779221,"RP11-113C12.4",149.827896759988,108.706144308304,94.3243435593052,59.8458452869222,55.4375859208493,38.4375689127136
"ENSG00000204152",407.735764318863,0.781813780194269,0.234798862037313,3.32971707533245,0.000869342699926125,0.0740008908779221,"TIMM23B",293.445310752722,309.647804999411,297.172394224478,609.61615283797,536.252033042061,400.280890056534
"ENSG00000119917",22.7859485413481,2.56128202907016,0.772940428123633,3.31368619867362,0.000920747786766666,0.0779209580475325,"IFIT3",6.98679311316004,11.5294395478504,1.01424025332586,59.8458452869222,14.9255039017671,42.4138691450632
"ENSG00000184489",21.7563343718176,2.47793837732404,0.74858243783069,3.3101743403236,0.000932378779655524,0.0782446574179813,"PTP4A3",6.21048276725337,0.823531396275028,13.1851232932362,28.4014181022681,50.1070488130753,31.8104018587974
"ENSG00000168944",214.089764446291,-1.23105193531135,0.37216361771418,-3.30782450706074,0.000940237092999207,0.0782446574179813,"CEP120",301.984724557695,296.47130265901,301.229355237781,57.8171725653316,132.197320272794,194.838711385134
"ENSG00000197647",249.279012611599,1.04416420303771,0.315678061670082,3.30768694382373,0.000940699027764958,0.0782446574179813,"ZNF433",189.419724401228,139.17680597048,159.23571977216,318.501617289721,217.485913997178,471.854294238829
"ENSG00000138780",153.46350074469,-0.929677160816047,0.281253103098323,-3.30548232383783,0.000948130842845813,0.0784147303889981,"GSTCD",200.288069243921,214.118163031507,189.662927371936,93.3189451931668,133.263427694349,90.1294719332594
"ENSG00000157741",93.159429769153,-1.05157355428053,0.318914958491097,-3.29734785491376,0.000976025380279493,0.0799257934958555,"UBN2",127.314896728694,119.412052459879,129.82275242571,47.6738089573787,61.8342304501781,72.8988375930774
"ENSG00000135077",260.333183594276,1.52205506499446,0.461654454987764,3.29695738565936,0.000977383295016645,0.0799257934958555,"HAVCR2",87.7230690874539,84.8237338163279,231.246777758297,275.899490136319,214.287591732514,668.018439034746
"ENSG00000105889",238.222079765517,0.786527631781851,0.238924046131376,3.29195677252748,0.000994929031783364,0.0802554948895071,"STEAP1B",183.985551979881,161.412153669906,179.520524838678,345.888699031194,292.113433506014,266.412115567428
"ENSG00000196748",38.5028453430474,1.74318669493872,0.529586416542496,3.29160008732746,0.000996191614860556,0.0802554948895071,"CLPSL2",11.6446551886001,11.5294395478504,30.4272075997759,41.5877907926069,68.2308749795068,67.5971039499445
"ENSG00000204977",837.962477784305,0.686198226130394,0.208501025799225,3.29110239865757,0.000997955796578784,0.0802554948895071,"TRIM13",631.140311222124,611.883827432346,683.597930741632,931.160779210077,930.711779017335,1239.28023908232
"ENSG00000197124",150.670400276953,0.862551504583292,0.262336831777483,3.28795426375706,0.00100918232788279,0.0807124063992414,"ZNF682",108.683448426934,95.5296419679033,116.637629132474,176.494526778381,202.560410095411,204.116745260617
"ENSG00000125375",1928.12352205362,0.874779131024613,0.266317681150574,3.28472044081076,0.00102083606151463,0.0810575617469938,"ATP5S",1068.97934631349,1219.64999788332,1794.19100813345,2145.32140308204,2090.63665366895,3249.96272324047
"ENSG00000241878",682.565740211968,0.661520137700228,0.201457338725936,3.28367356525128,0.00102463529551023,0.0810575617469938,"PISD",485.19396619167,582.236697166445,519.291009702842,869.286261201564,899.794663792246,739.59184321704
"ENSG00000163516",229.195319968459,-1.09225335767673,0.332975601131531,-3.28028045888345,0.00103703940582211,0.0815953815737657,"ANKZF1",274.813862450962,292.353645677635,370.19769246394,181.566208582357,178.039939399651,78.2005712362104
"ENSG00000100354",360.74533451348,-0.789301134088021,0.241341326340256,-3.27047649093973,0.00107366465991438,0.0840229182242671,"TNRC6B",503.049104147523,427.41279466674,441.19451019675,250.541081116437,326.228870995767,216.045645957666
"ENSG00000197343",962.433197363143,0.713425493407006,0.219125147003734,3.25579014167118,0.00113077296489271,0.0880188838341087,"ZNF655",803.481208013405,602.824982073321,780.964995060914,1006.22166990893,1218.56078283713,1362.54554628516
"ENSG00000116406",263.664229335354,-0.76502391070905,0.23540918143961,-3.24976241806143,0.00115501458743251,0.0894276188014238,"EDEM3",311.300448708575,334.353746887662,349.912887397423,199.824263076672,165.246650340993,221.347379600799
"ENSG00000115966",485.804393988612,-0.677644879058993,0.208917993003477,-3.24359270983288,0.0011803239149564,0.0907946521275457,"ATF2",660.640104366577,618.472078602546,514.219808436212,380.376135298234,380.600349495062,360.517887733038
"ENSG00000160685",57.2807684287567,-1.24938012933754,0.385322025949383,-3.24243112305669,0.00118514591262941,0.0907946521275457,"ZBTB7B",83.8415173579205,89.7649221939781,67.9540969728328,26.3727453806776,37.3137597544178,38.4375689127136
"ENSG00000136243",1326.12605026658,-0.596434625318918,0.184224427406066,-3.23754365106132,0.001205634938933,0.0915389901943449,"NUPL2",1580.56786426598,1643.76866696496,1563.95847062848,991.006624496999,987.215472359739,1190.23920288334
"ENSG00000280913",24.2338662263892,2.49751932047834,0.771525829067243,3.23711692646477,0.00120743927708946,0.0915389901943449,"CTSLP2",4.65786207544003,3.29412558510011,14.1993635465621,42.6021271534022,11.7271816371027,68.9225373607278
"ENSG00000122481",890.738969723168,0.87234217281608,0.26965343770863,3.23504932934946,0.00121621716417071,0.0917267204231547,"RWDD3",497.614931726176,546.001315730344,844.862131020444,949.418833704392,1056.5124547608,1450.02415139685
"ENSG00000114423",95.4992953874975,-1.14324002910762,0.353667023234952,-3.23253216726438,0.00122698320950958,0.0920051156909824,"CBLB",104.025586351494,130.94149200773,159.23571977216,40.5734544318116,69.2969824010616,68.9225373607278
"ENSG00000133398",1510.15028707844,0.741168582644581,0.229375998224955,3.23123861424114,0.0012325499834942,0.0920051156909824,"MED10",878.007001220445,1083.76731749794,1431.09299744279,1861.30722205936,2075.71114976718,1731.01603448289
"ENSG00000125458",510.361948084602,0.687729725622052,0.213066924523072,3.22776389231441,0.0012476190482753,0.0926548105443639,"NT5C",389.707793645149,377.177379493963,406.710341583671,660.332970877734,704.697005647719,523.546197259374
"ENSG00000092140",317.936278277176,-0.922391089109109,0.285993654482399,-3.22521522646537,0.00125877997575084,0.0929548688330985,"G2E3",465.009897198096,516.354185464443,266.745186624702,213.010635767011,213.221484310959,233.276280297848
"ENSG00000240230",586.043767780878,0.738277693112194,0.22899910712011,3.22393262749696,0.00126443143919713,0.0929548688330985,"COX19",341.576552198935,467.765833084216,509.148607169583,669.461998124892,800.64667358765,727.662942519991
"ENSG00000119862",238.061237094567,0.760504569443556,0.236182945220706,3.21998088698947,0.00128199143719566,0.0933408724279438,"LGALSL",188.643414055321,187.765158350706,153.150278252205,298.214890073815,277.187929604247,323.405752231107
"ENSG00000148516",638.930044028144,-0.655382084246193,0.203543305724214,-3.21986558051773,0.00128250717818005,0.0933408724279438,"ZEB1",721.968621693204,735.4135368736,887.46022166013,452.3940169147,512.797669767856,523.546197259374
"ENSG00000172339",869.766653115262,0.705239185068137,0.219164639371894,3.21785114190541,0.00129154828395011,0.0935312279660584,"ALG14",646.666518140257,807.060768349528,529.4334122361,1028.53706984642,1089.561784829,1117.34036529026
"ENSG00000226478",24.2085172291758,1.92039922070867,0.597079322838458,3.21632176371353,0.00129845161086771,0.0935656517217349,"UPF3AP1",6.21048276725337,8.23531396275028,16.2278440532138,27.3870817414729,44.7765117053014,42.4138691450632
"ENSG00000187266",57.4701586003673,-1.3754237384933,0.427970973256569,-3.21382482561203,0.001309795548009,0.0939181477675809,"EPOR",56.670655251187,71.6472314759275,120.694590145778,30.4300908238587,30.917115225089,34.4612686803639
"ENSG00000088035",788.272163779453,-0.610336648160405,0.190065227644593,-3.21119573382295,0.00132183867256903,0.0943170770486017,"ALG6",1007.65082898686,942.943448734908,906.730786473321,657.289961795348,562.904718580931,652.113238105347
"ENSG00000266217",22.3186826073084,2.51849823637349,0.786640800550295,3.20158607920117,0.00136673233322159,0.096571685314416,"CTSLP2",4.65786207544003,3.29412558510011,12.1708830399104,40.5734544318116,9.59496679399315,63.6208037175949
"ENSG00000161395",106.324313524,1.1796172843518,0.368806201041034,3.19847464880493,0.0013815667960488,0.096571685314416,"PGAP3",89.2756897792672,47.7648209839517,57.8116944395742,144.035763232931,105.544634733925,193.513277974351
"ENSG00000138696",53.8095703916856,1.67104644109258,0.522539824007249,3.19793126632468,0.0013841726778923,0.096571685314416,"BMPR1B",33.3813448739869,13.1765023404005,30.4272075997759,50.7168180397645,58.6359081855137,136.519641310672
"ENSG00000117360",670.874025643553,-0.819265586367293,0.256211049287813,-3.19762004271321,0.00138566724376427,0.096571685314416,"PRPF3",850.836139113712,1038.47309070281,680.555209981654,543.684289386276,551.177536943829,360.517887733038
"ENSG00000198718",134.287331291808,-0.956617910471033,0.299183933533166,-3.19742407011634,0.00138660911175549,0.096571685314416,"FAM179B",184.761862325788,194.353409520907,153.150278252205,112.591336048277,90.6191308321575,70.247970771511
"ENSG00000169714",40861.094008733,0.56740973145674,0.177751694943722,3.1921480784551,0.00141218914839868,0.0978201157271037,"CNBP",32551.4691142126,37147.854223174,29083.3392641191,46830.8954415578,49543.0779870728,50009.9280222619
"ENSG00000125107",1524.52396653772,0.685845482885627,0.214933433881466,3.19096694497453,0.00141797502187544,0.0978201157271037,"CNOT1",1166.79444989773,1240.23828279019,1098.42219435191,1679.741013477,1611.95442139085,2349.99343731866
"ENSG00000164619",11.8986783483245,2.70253107828438,0.848128223380067,3.18646521101952,0.00144022807460566,0.0988866030847172,"BMPER",4.65786207544003,0.823531396275028,4.05696101330345,23.3297362982917,15.9916113233219,22.5323679833148
"ENSG00000234969",13.3894681216583,2.35273210925882,0.738812932667076,3.18447607673241,0.00145016296988469,0.099101277885641,"RP13-33H18.1",3.10524138362669,4.11765698137514,6.08544151995518,21.3010635767011,24.5204706957603,21.2069345725316
"ENSG00000134910",2102.93740867055,-0.543525792952802,0.170827174670131,-3.18172910137018,0.0014639868313331,0.0991967582226748,"STT3A",2522.23231385078,2394.00576897151,2567.04208116776,1771.03128594858,1599.16113233219,1764.15186975247
"ENSG00000232838",233.784517658659,0.850442485107641,0.267351417332862,3.18099112244021,0.00146772127198011,0.0991967582226748,"PET117",145.946345030454,197.647535106007,157.207239265509,330.673653619265,337.95605263287,233.276280297848
"ENSG00000102401",350.557285368742,-0.690248825318683,0.217236837134554,-3.177402297066,0.0014860074945136,0.0991967582226748,"ARMCX3",406.786621255096,419.177480703989,472.635958049852,240.397717508484,289.981218662904,274.364716032128
"ENSG00000164144",401.38803238417,0.863303574534775,0.271754727546087,3.17677481576973,0.00148922619213618,0.0991967582226748,"ARFIP1",348.563345312096,321.177244547261,183.577485851981,522.383225809575,511.731562346301,520.895330437808
"ENSG00000197140",424.12763649494,-0.785568717867336,0.247303263515885,-3.1765400371147,0.0014904321517892,0.0991967582226748,"ADAM32",683.929414743778,441.412828403415,484.806841089762,281.985508301091,341.154374897534,311.476851534058
"ENSG00000145860",454.953465481089,0.819997610096386,0.258173634914866,3.17614775175159,0.00149244916534527,0.0991967582226748,"RNF145",328.379276318522,401.059789985939,256.602784091443,481.809771377763,550.111429522274,711.757741590593
